file,image_url,image_src,dest,action,note
/home/ubuntu/pythonProjects/data-security-101/content/001FortiDLPPresentation/003_console_deep_dive/index.md,003_configurationDeepDive_images/title.jpg,/home/ubuntu/pythonProjects/data-security-101/content/001FortiDLPPresentation/003_configurationDeepDive_images/title.jpg,/home/ubuntu/pythonProjects/data-security-101/content/001FortiDLPPresentation/003_console_deep_dive/title.jpg,moved,leaf
/home/ubuntu/pythonProjects/data-security-101/content/001FortiDLPPresentation/003_console_deep_dive/index.md,title.jpg,NOT FOUND,,missing-shortcode,figure-shortcode
/home/ubuntu/pythonProjects/data-security-101/content/001FortiDLPPresentation/002_architecture/index.md,002_architecture_images/title.jpg,/home/ubuntu/pythonProjects/data-security-101/content/001FortiDLPPresentation/002_architecture_images/title.jpg,/home/ubuntu/pythonProjects/data-security-101/content/001FortiDLPPresentation/002_architecture/title.jpg,moved,leaf
/home/ubuntu/pythonProjects/data-security-101/content/001FortiDLPPresentation/002_architecture/index.md,002_architecture_images/architecture1.jpg,/home/ubuntu/pythonProjects/data-security-101/content/001FortiDLPPresentation/002_architecture_images/architecture1.jpg,/home/ubuntu/pythonProjects/data-security-101/content/001FortiDLPPresentation/002_architecture/architecture1.jpg,moved,leaf
/home/ubuntu/pythonProjects/data-security-101/content/001FortiDLPPresentation/002_architecture/index.md,002_architecture_images/architecture2.jpg,/home/ubuntu/pythonProjects/data-security-101/content/001FortiDLPPresentation/002_architecture_images/architecture2.jpg,/home/ubuntu/pythonProjects/data-security-101/content/001FortiDLPPresentation/002_architecture/architecture2.jpg,moved,leaf
/home/ubuntu/pythonProjects/data-security-101/content/001FortiDLPPresentation/002_architecture/index.md,002_architecture_images/architecture3.jpg,/home/ubuntu/pythonProjects/data-security-101/content/001FortiDLPPresentation/002_architecture_images/architecture3.jpg,/home/ubuntu/pythonProjects/data-security-101/content/001FortiDLPPresentation/002_architecture/architecture3.jpg,moved,leaf
/home/ubuntu/pythonProjects/data-security-101/content/001FortiDLPPresentation/002_architecture/index.md,002_architecture_images/architecture4.jpg,/home/ubuntu/pythonProjects/data-security-101/content/001FortiDLPPresentation/002_architecture_images/architecture4.jpg,/home/ubuntu/pythonProjects/data-security-101/content/001FortiDLPPresentation/002_architecture/architecture4.jpg,moved,leaf
/home/ubuntu/pythonProjects/data-security-101/content/001FortiDLPPresentation/002_architecture/index.md,title.jpg,NOT FOUND,,missing-shortcode,figure-shortcode
/home/ubuntu/pythonProjects/data-security-101/content/001FortiDLPPresentation/002_architecture/index.md,architecture1.jpg,NOT FOUND,,missing-shortcode,figure-shortcode
/home/ubuntu/pythonProjects/data-security-101/content/001FortiDLPPresentation/002_architecture/index.md,architecture2.jpg,NOT FOUND,,missing-shortcode,figure-shortcode
/home/ubuntu/pythonProjects/data-security-101/content/001FortiDLPPresentation/002_architecture/index.md,architecture3.jpg,NOT FOUND,,missing-shortcode,figure-shortcode
/home/ubuntu/pythonProjects/data-security-101/content/001FortiDLPPresentation/002_architecture/index.md,architecture4.jpg,NOT FOUND,,missing-shortcode,figure-shortcode
/home/ubuntu/pythonProjects/data-security-101/content/001FortiDLPPresentation/004_policy_deep_dive/index.md,004_policyDeepDive_images/title.jpg,/home/ubuntu/pythonProjects/data-security-101/content/001FortiDLPPresentation/004_policyDeepDive_images/title.jpg,/home/ubuntu/pythonProjects/data-security-101/content/001FortiDLPPresentation/004_policy_deep_dive/title.jpg,moved,leaf
/home/ubuntu/pythonProjects/data-security-101/content/001FortiDLPPresentation/004_policy_deep_dive/index.md,004_policyDeepDive_images/policyDeepDive01.jpg,/home/ubuntu/pythonProjects/data-security-101/content/001FortiDLPPresentation/004_policyDeepDive_images/policyDeepDive01.jpg,/home/ubuntu/pythonProjects/data-security-101/content/001FortiDLPPresentation/004_policy_deep_dive/policyDeepDive01.jpg,moved,leaf
/home/ubuntu/pythonProjects/data-security-101/content/001FortiDLPPresentation/004_policy_deep_dive/index.md,004_policyDeepDive_images/policyDeepDive02.jpg,/home/ubuntu/pythonProjects/data-security-101/content/001FortiDLPPresentation/004_policyDeepDive_images/policyDeepDive02.jpg,/home/ubuntu/pythonProjects/data-security-101/content/001FortiDLPPresentation/004_policy_deep_dive/policyDeepDive02.jpg,moved,leaf
/home/ubuntu/pythonProjects/data-security-101/content/001FortiDLPPresentation/004_policy_deep_dive/index.md,004_policyDeepDive_images/policyDeepDive03.jpg,/home/ubuntu/pythonProjects/data-security-101/content/001FortiDLPPresentation/004_policyDeepDive_images/policyDeepDive03.jpg,/home/ubuntu/pythonProjects/data-security-101/content/001FortiDLPPresentation/004_policy_deep_dive/policyDeepDive03.jpg,moved,leaf
/home/ubuntu/pythonProjects/data-security-101/content/001FortiDLPPresentation/004_policy_deep_dive/index.md,004_policyDeepDive_images/policyDeepDive04.jpg,/home/ubuntu/pythonProjects/data-security-101/content/001FortiDLPPresentation/004_policyDeepDive_images/policyDeepDive04.jpg,/home/ubuntu/pythonProjects/data-security-101/content/001FortiDLPPresentation/004_policy_deep_dive/policyDeepDive04.jpg,moved,leaf
/home/ubuntu/pythonProjects/data-security-101/content/001FortiDLPPresentation/004_policy_deep_dive/index.md,004_policyDeepDive_images/policyDeepDive05.jpg,/home/ubuntu/pythonProjects/data-security-101/content/001FortiDLPPresentation/004_policyDeepDive_images/policyDeepDive05.jpg,/home/ubuntu/pythonProjects/data-security-101/content/001FortiDLPPresentation/004_policy_deep_dive/policyDeepDive05.jpg,moved,leaf
/home/ubuntu/pythonProjects/data-security-101/content/001FortiDLPPresentation/004_policy_deep_dive/index.md,004_policyDeepDive_images/policyDeepDive06.jpg,/home/ubuntu/pythonProjects/data-security-101/content/001FortiDLPPresentation/004_policyDeepDive_images/policyDeepDive06.jpg,/home/ubuntu/pythonProjects/data-security-101/content/001FortiDLPPresentation/004_policy_deep_dive/policyDeepDive06.jpg,moved,leaf
/home/ubuntu/pythonProjects/data-security-101/content/001FortiDLPPresentation/004_policy_deep_dive/index.md,004_policyDeepDive_images/policyDeepDive07.jpg,/home/ubuntu/pythonProjects/data-security-101/content/001FortiDLPPresentation/004_policyDeepDive_images/policyDeepDive07.jpg,/home/ubuntu/pythonProjects/data-security-101/content/001FortiDLPPresentation/004_policy_deep_dive/policyDeepDive07.jpg,moved,leaf
/home/ubuntu/pythonProjects/data-security-101/content/001FortiDLPPresentation/004_policy_deep_dive/index.md,004_policyDeepDive_images/policyDeepDive08.jpg,/home/ubuntu/pythonProjects/data-security-101/content/001FortiDLPPresentation/004_policyDeepDive_images/policyDeepDive08.jpg,/home/ubuntu/pythonProjects/data-security-101/content/001FortiDLPPresentation/004_policy_deep_dive/policyDeepDive08.jpg,moved,leaf
/home/ubuntu/pythonProjects/data-security-101/content/001FortiDLPPresentation/004_policy_deep_dive/index.md,004_policyDeepDive_images/policyDeepDive09.jpg,/home/ubuntu/pythonProjects/data-security-101/content/001FortiDLPPresentation/004_policyDeepDive_images/policyDeepDive09.jpg,/home/ubuntu/pythonProjects/data-security-101/content/001FortiDLPPresentation/004_policy_deep_dive/policyDeepDive09.jpg,moved,leaf
/home/ubuntu/pythonProjects/data-security-101/content/001FortiDLPPresentation/004_policy_deep_dive/index.md,004_policyDeepDive_images/policyDeepDive10.jpg,/home/ubuntu/pythonProjects/data-security-101/content/001FortiDLPPresentation/004_policyDeepDive_images/policyDeepDive10.jpg,/home/ubuntu/pythonProjects/data-security-101/content/001FortiDLPPresentation/004_policy_deep_dive/policyDeepDive10.jpg,moved,leaf
/home/ubuntu/pythonProjects/data-security-101/content/001FortiDLPPresentation/004_policy_deep_dive/index.md,title.jpg,NOT FOUND,,missing-shortcode,figure-shortcode
/home/ubuntu/pythonProjects/data-security-101/content/001FortiDLPPresentation/004_policy_deep_dive/index.md,policyDeepDive01.jpg,NOT FOUND,,missing-shortcode,figure-shortcode
/home/ubuntu/pythonProjects/data-security-101/content/001FortiDLPPresentation/004_policy_deep_dive/index.md,policyDeepDive02.jpg,NOT FOUND,,missing-shortcode,figure-shortcode
/home/ubuntu/pythonProjects/data-security-101/content/001FortiDLPPresentation/004_policy_deep_dive/index.md,policyDeepDive03.jpg,NOT FOUND,,missing-shortcode,figure-shortcode
/home/ubuntu/pythonProjects/data-security-101/content/001FortiDLPPresentation/004_policy_deep_dive/index.md,policyDeepDive04.jpg,NOT FOUND,,missing-shortcode,figure-shortcode
/home/ubuntu/pythonProjects/data-security-101/content/001FortiDLPPresentation/004_policy_deep_dive/index.md,policyDeepDive05.jpg,NOT FOUND,,missing-shortcode,figure-shortcode
/home/ubuntu/pythonProjects/data-security-101/content/001FortiDLPPresentation/004_policy_deep_dive/index.md,policyDeepDive06.jpg,NOT FOUND,,missing-shortcode,figure-shortcode
/home/ubuntu/pythonProjects/data-security-101/content/001FortiDLPPresentation/004_policy_deep_dive/index.md,policyDeepDive07.jpg,NOT FOUND,,missing-shortcode,figure-shortcode
/home/ubuntu/pythonProjects/data-security-101/content/001FortiDLPPresentation/004_policy_deep_dive/index.md,policyDeepDive08.jpg,NOT FOUND,,missing-shortcode,figure-shortcode
/home/ubuntu/pythonProjects/data-security-101/content/001FortiDLPPresentation/004_policy_deep_dive/index.md,policyDeepDive09.jpg,NOT FOUND,,missing-shortcode,figure-shortcode
/home/ubuntu/pythonProjects/data-security-101/content/001FortiDLPPresentation/004_policy_deep_dive/index.md,policyDeepDive10.jpg,NOT FOUND,,missing-shortcode,figure-shortcode
/home/ubuntu/pythonProjects/data-security-101/content/001FortiDLPPresentation/_index.md,agenda.jpg,/home/ubuntu/pythonProjects/data-security-101/content/001FortiDLPPresentation/agenda.jpg,/home/ubuntu/pythonProjects/data-security-101/content/001FortiDLPPresentation/agenda.jpg,exists,section
/home/ubuntu/pythonProjects/data-security-101/content/001FortiDLPPresentation/_index.md,agenda.jpg,/home/ubuntu/pythonProjects/data-security-101/content/001FortiDLPPresentation/agenda.jpg,/home/ubuntu/pythonProjects/data-security-101/content/001FortiDLPPresentation/agenda.jpg,shortcode-ok,figure-shortcode
/home/ubuntu/pythonProjects/data-security-101/content/001FortiDLPPresentation/001_Introduction/index.md,001_introduction_images/introduction_title.jpg,/home/ubuntu/pythonProjects/data-security-101/content/001FortiDLPPresentation/001_introduction_images/introduction_title.jpg,/home/ubuntu/pythonProjects/data-security-101/content/001FortiDLPPresentation/001_Introduction/introduction_title.jpg,moved,leaf
/home/ubuntu/pythonProjects/data-security-101/content/001FortiDLPPresentation/001_Introduction/index.md,001_introduction_images/introduction_1.jpg,/home/ubuntu/pythonProjects/data-security-101/content/001FortiDLPPresentation/001_introduction_images/introduction_1.jpg,/home/ubuntu/pythonProjects/data-security-101/content/001FortiDLPPresentation/001_Introduction/introduction_1.jpg,moved,leaf
/home/ubuntu/pythonProjects/data-security-101/content/001FortiDLPPresentation/001_Introduction/index.md,001_introduction_images/introduction_2.jpg,/home/ubuntu/pythonProjects/data-security-101/content/001FortiDLPPresentation/001_introduction_images/introduction_2.jpg,/home/ubuntu/pythonProjects/data-security-101/content/001FortiDLPPresentation/001_Introduction/introduction_2.jpg,moved,leaf
/home/ubuntu/pythonProjects/data-security-101/content/001FortiDLPPresentation/001_Introduction/index.md,001_introduction_images/introduction_3.jpg,/home/ubuntu/pythonProjects/data-security-101/content/001FortiDLPPresentation/001_introduction_images/introduction_3.jpg,/home/ubuntu/pythonProjects/data-security-101/content/001FortiDLPPresentation/001_Introduction/introduction_3.jpg,moved,leaf
/home/ubuntu/pythonProjects/data-security-101/content/001FortiDLPPresentation/001_Introduction/index.md,001_introduction_images/introduction_4.jpg,/home/ubuntu/pythonProjects/data-security-101/content/001FortiDLPPresentation/001_introduction_images/introduction_4.jpg,/home/ubuntu/pythonProjects/data-security-101/content/001FortiDLPPresentation/001_Introduction/introduction_4.jpg,moved,leaf
/home/ubuntu/pythonProjects/data-security-101/content/001FortiDLPPresentation/001_Introduction/index.md,001_introduction_images/introduction_5.jpg,/home/ubuntu/pythonProjects/data-security-101/content/001FortiDLPPresentation/001_introduction_images/introduction_5.jpg,/home/ubuntu/pythonProjects/data-security-101/content/001FortiDLPPresentation/001_Introduction/introduction_5.jpg,moved,leaf
/home/ubuntu/pythonProjects/data-security-101/content/001FortiDLPPresentation/001_Introduction/index.md,001_introduction_images/introduction_6.jpg,/home/ubuntu/pythonProjects/data-security-101/content/001FortiDLPPresentation/001_introduction_images/introduction_6.jpg,/home/ubuntu/pythonProjects/data-security-101/content/001FortiDLPPresentation/001_Introduction/introduction_6.jpg,moved,leaf
/home/ubuntu/pythonProjects/data-security-101/content/001FortiDLPPresentation/001_Introduction/index.md,001_introduction_imagesintroduction_7.jpg,NOT FOUND,,missing,leaf
/home/ubuntu/pythonProjects/data-security-101/content/001FortiDLPPresentation/001_Introduction/index.md,001_introduction_images/introduction_8.jpg,/home/ubuntu/pythonProjects/data-security-101/content/001FortiDLPPresentation/001_introduction_images/introduction_8.jpg,/home/ubuntu/pythonProjects/data-security-101/content/001FortiDLPPresentation/001_Introduction/introduction_8.jpg,moved,leaf
/home/ubuntu/pythonProjects/data-security-101/content/001FortiDLPPresentation/001_Introduction/index.md,001_introduction_images/introduction_9.jpg,/home/ubuntu/pythonProjects/data-security-101/content/001FortiDLPPresentation/001_introduction_images/introduction_9.jpg,/home/ubuntu/pythonProjects/data-security-101/content/001FortiDLPPresentation/001_Introduction/introduction_9.jpg,moved,leaf
/home/ubuntu/pythonProjects/data-security-101/content/001FortiDLPPresentation/001_Introduction/index.md,introduction_title.jpg,NOT FOUND,,missing-shortcode,figure-shortcode
/home/ubuntu/pythonProjects/data-security-101/content/001FortiDLPPresentation/001_Introduction/index.md,introduction_1.jpg,NOT FOUND,,missing-shortcode,figure-shortcode
/home/ubuntu/pythonProjects/data-security-101/content/001FortiDLPPresentation/001_Introduction/index.md,introduction_2.jpg,NOT FOUND,,missing-shortcode,figure-shortcode
/home/ubuntu/pythonProjects/data-security-101/content/001FortiDLPPresentation/001_Introduction/index.md,introduction_3.jpg,NOT FOUND,,missing-shortcode,figure-shortcode
/home/ubuntu/pythonProjects/data-security-101/content/001FortiDLPPresentation/001_Introduction/index.md,introduction_4.jpg,NOT FOUND,,missing-shortcode,figure-shortcode
/home/ubuntu/pythonProjects/data-security-101/content/001FortiDLPPresentation/001_Introduction/index.md,introduction_5.jpg,NOT FOUND,,missing-shortcode,figure-shortcode
/home/ubuntu/pythonProjects/data-security-101/content/001FortiDLPPresentation/001_Introduction/index.md,introduction_6.jpg,NOT FOUND,,missing-shortcode,figure-shortcode
/home/ubuntu/pythonProjects/data-security-101/content/001FortiDLPPresentation/001_Introduction/index.md,introduction_8.jpg,NOT FOUND,,missing-shortcode,figure-shortcode
/home/ubuntu/pythonProjects/data-security-101/content/001FortiDLPPresentation/001_Introduction/index.md,introduction_9.jpg,NOT FOUND,,missing-shortcode,figure-shortcode
/home/ubuntu/pythonProjects/data-security-101/content/003LabUseCaseSolutions/003_use_case_5/index.md,003_lab_use_cases_images/case5_1.png,/home/ubuntu/pythonProjects/data-security-101/content/003LabUseCaseSolutions/003_lab_use_cases_images/case5_1.png,/home/ubuntu/pythonProjects/data-security-101/content/003LabUseCaseSolutions/003_use_case_5/case5_1.png,moved,leaf
/home/ubuntu/pythonProjects/data-security-101/content/003LabUseCaseSolutions/003_use_case_5/index.md,003_lab_use_cases_images/case5_2.png,/home/ubuntu/pythonProjects/data-security-101/content/003LabUseCaseSolutions/003_lab_use_cases_images/case5_2.png,/home/ubuntu/pythonProjects/data-security-101/content/003LabUseCaseSolutions/003_use_case_5/case5_2.png,moved,leaf
/home/ubuntu/pythonProjects/data-security-101/content/003LabUseCaseSolutions/003_use_case_5/index.md,003_lab_use_cases_images/case5_3.png,/home/ubuntu/pythonProjects/data-security-101/content/003LabUseCaseSolutions/003_lab_use_cases_images/case5_3.png,/home/ubuntu/pythonProjects/data-security-101/content/003LabUseCaseSolutions/003_use_case_5/case5_3.png,moved,leaf
/home/ubuntu/pythonProjects/data-security-101/content/003LabUseCaseSolutions/003_use_case_5/index.md,003_lab_use_cases_images/case5_4.png,/home/ubuntu/pythonProjects/data-security-101/content/003LabUseCaseSolutions/003_lab_use_cases_images/case5_4.png,/home/ubuntu/pythonProjects/data-security-101/content/003LabUseCaseSolutions/003_use_case_5/case5_4.png,moved,leaf
/home/ubuntu/pythonProjects/data-security-101/content/003LabUseCaseSolutions/003_use_case_5/index.md,003_lab_use_cases_images/case5_5.png,/home/ubuntu/pythonProjects/data-security-101/content/003LabUseCaseSolutions/003_lab_use_cases_images/case5_5.png,/home/ubuntu/pythonProjects/data-security-101/content/003LabUseCaseSolutions/003_use_case_5/case5_5.png,moved,leaf
/home/ubuntu/pythonProjects/data-security-101/content/003LabUseCaseSolutions/003_use_case_5/index.md,003_lab_use_cases_images/case5_6.png,/home/ubuntu/pythonProjects/data-security-101/content/003LabUseCaseSolutions/003_lab_use_cases_images/case5_6.png,/home/ubuntu/pythonProjects/data-security-101/content/003LabUseCaseSolutions/003_use_case_5/case5_6.png,moved,leaf
/home/ubuntu/pythonProjects/data-security-101/content/003LabUseCaseSolutions/003_use_case_5/index.md,003_lab_use_cases_images/case5_7.png,/home/ubuntu/pythonProjects/data-security-101/content/003LabUseCaseSolutions/003_lab_use_cases_images/case5_7.png,/home/ubuntu/pythonProjects/data-security-101/content/003LabUseCaseSolutions/003_use_case_5/case5_7.png,moved,leaf
/home/ubuntu/pythonProjects/data-security-101/content/003LabUseCaseSolutions/003_use_case_5/index.md,003_lab_use_cases_images/case5_8.png,/home/ubuntu/pythonProjects/data-security-101/content/003LabUseCaseSolutions/003_lab_use_cases_images/case5_8.png,/home/ubuntu/pythonProjects/data-security-101/content/003LabUseCaseSolutions/003_use_case_5/case5_8.png,moved,leaf
/home/ubuntu/pythonProjects/data-security-101/content/003LabUseCaseSolutions/003_use_case_5/index.md,case5_1.png,NOT FOUND,,missing-shortcode,figure-shortcode
/home/ubuntu/pythonProjects/data-security-101/content/003LabUseCaseSolutions/003_use_case_5/index.md,case5_2.png,NOT FOUND,,missing-shortcode,figure-shortcode
/home/ubuntu/pythonProjects/data-security-101/content/003LabUseCaseSolutions/003_use_case_5/index.md,case5_3.png,NOT FOUND,,missing-shortcode,figure-shortcode
/home/ubuntu/pythonProjects/data-security-101/content/003LabUseCaseSolutions/003_use_case_5/index.md,case5_4.png,NOT FOUND,,missing-shortcode,figure-shortcode
/home/ubuntu/pythonProjects/data-security-101/content/003LabUseCaseSolutions/003_use_case_5/index.md,case5_5.png,NOT FOUND,,missing-shortcode,figure-shortcode
/home/ubuntu/pythonProjects/data-security-101/content/003LabUseCaseSolutions/003_use_case_5/index.md,case5_6.png,NOT FOUND,,missing-shortcode,figure-shortcode
/home/ubuntu/pythonProjects/data-security-101/content/003LabUseCaseSolutions/003_use_case_5/index.md,case5_7.png,NOT FOUND,,missing-shortcode,figure-shortcode
/home/ubuntu/pythonProjects/data-security-101/content/003LabUseCaseSolutions/003_use_case_5/index.md,case5_8.png,NOT FOUND,,missing-shortcode,figure-shortcode
/home/ubuntu/pythonProjects/data-security-101/content/003LabUseCaseSolutions/003_use_case_7/index.md,003_lab_use_cases_images/case7_1.png,/home/ubuntu/pythonProjects/data-security-101/content/003LabUseCaseSolutions/003_lab_use_cases_images/case7_1.png,/home/ubuntu/pythonProjects/data-security-101/content/003LabUseCaseSolutions/003_use_case_7/case7_1.png,moved,leaf
/home/ubuntu/pythonProjects/data-security-101/content/003LabUseCaseSolutions/003_use_case_7/index.md,003_lab_use_cases_images/case7_2.png,/home/ubuntu/pythonProjects/data-security-101/content/003LabUseCaseSolutions/003_lab_use_cases_images/case7_2.png,/home/ubuntu/pythonProjects/data-security-101/content/003LabUseCaseSolutions/003_use_case_7/case7_2.png,moved,leaf
/home/ubuntu/pythonProjects/data-security-101/content/003LabUseCaseSolutions/003_use_case_7/index.md,003_lab_use_cases_images/case7_3.png,/home/ubuntu/pythonProjects/data-security-101/content/003LabUseCaseSolutions/003_lab_use_cases_images/case7_3.png,/home/ubuntu/pythonProjects/data-security-101/content/003LabUseCaseSolutions/003_use_case_7/case7_3.png,moved,leaf
/home/ubuntu/pythonProjects/data-security-101/content/003LabUseCaseSolutions/003_use_case_7/index.md,003_lab_use_cases_images/case7_4.png,/home/ubuntu/pythonProjects/data-security-101/content/003LabUseCaseSolutions/003_lab_use_cases_images/case7_4.png,/home/ubuntu/pythonProjects/data-security-101/content/003LabUseCaseSolutions/003_use_case_7/case7_4.png,moved,leaf
/home/ubuntu/pythonProjects/data-security-101/content/003LabUseCaseSolutions/003_use_case_7/index.md,003_lab_use_cases_images/case7_5.png,/home/ubuntu/pythonProjects/data-security-101/content/003LabUseCaseSolutions/003_lab_use_cases_images/case7_5.png,/home/ubuntu/pythonProjects/data-security-101/content/003LabUseCaseSolutions/003_use_case_7/case7_5.png,moved,leaf
/home/ubuntu/pythonProjects/data-security-101/content/003LabUseCaseSolutions/003_use_case_7/index.md,003_lab_use_cases_images/case7_6.png,/home/ubuntu/pythonProjects/data-security-101/content/003LabUseCaseSolutions/003_lab_use_cases_images/case7_6.png,/home/ubuntu/pythonProjects/data-security-101/content/003LabUseCaseSolutions/003_use_case_7/case7_6.png,moved,leaf
/home/ubuntu/pythonProjects/data-security-101/content/003LabUseCaseSolutions/003_use_case_7/index.md,003_lab_use_cases_images/case7_7.png,/home/ubuntu/pythonProjects/data-security-101/content/003LabUseCaseSolutions/003_lab_use_cases_images/case7_7.png,/home/ubuntu/pythonProjects/data-security-101/content/003LabUseCaseSolutions/003_use_case_7/case7_7.png,moved,leaf
/home/ubuntu/pythonProjects/data-security-101/content/003LabUseCaseSolutions/003_use_case_7/index.md,003_lab_use_cases_images/case7_8.png,/home/ubuntu/pythonProjects/data-security-101/content/003LabUseCaseSolutions/003_lab_use_cases_images/case7_8.png,/home/ubuntu/pythonProjects/data-security-101/content/003LabUseCaseSolutions/003_use_case_7/case7_8.png,moved,leaf
/home/ubuntu/pythonProjects/data-security-101/content/003LabUseCaseSolutions/003_use_case_7/index.md,003_lab_use_cases_images/case7_9.png,/home/ubuntu/pythonProjects/data-security-101/content/003LabUseCaseSolutions/003_lab_use_cases_images/case7_9.png,/home/ubuntu/pythonProjects/data-security-101/content/003LabUseCaseSolutions/003_use_case_7/case7_9.png,moved,leaf
/home/ubuntu/pythonProjects/data-security-101/content/003LabUseCaseSolutions/003_use_case_7/index.md,case7_1.png,NOT FOUND,,missing-shortcode,figure-shortcode
/home/ubuntu/pythonProjects/data-security-101/content/003LabUseCaseSolutions/003_use_case_7/index.md,case7_2.png,NOT FOUND,,missing-shortcode,figure-shortcode
/home/ubuntu/pythonProjects/data-security-101/content/003LabUseCaseSolutions/003_use_case_7/index.md,case7_3.png,NOT FOUND,,missing-shortcode,figure-shortcode
/home/ubuntu/pythonProjects/data-security-101/content/003LabUseCaseSolutions/003_use_case_7/index.md,case7_4.png,NOT FOUND,,missing-shortcode,figure-shortcode
/home/ubuntu/pythonProjects/data-security-101/content/003LabUseCaseSolutions/003_use_case_7/index.md,case7_5.png,NOT FOUND,,missing-shortcode,figure-shortcode
/home/ubuntu/pythonProjects/data-security-101/content/003LabUseCaseSolutions/003_use_case_7/index.md,case7_6.png,NOT FOUND,,missing-shortcode,figure-shortcode
/home/ubuntu/pythonProjects/data-security-101/content/003LabUseCaseSolutions/003_use_case_7/index.md,case7_7.png,NOT FOUND,,missing-shortcode,figure-shortcode
/home/ubuntu/pythonProjects/data-security-101/content/003LabUseCaseSolutions/003_use_case_7/index.md,case7_8.png,NOT FOUND,,missing-shortcode,figure-shortcode
/home/ubuntu/pythonProjects/data-security-101/content/003LabUseCaseSolutions/003_use_case_7/index.md,case7_9.png,NOT FOUND,,missing-shortcode,figure-shortcode
/home/ubuntu/pythonProjects/data-security-101/content/003LabUseCaseSolutions/003_use_case_4/index.md,003_lab_use_cases_images/case4_1.png,/home/ubuntu/pythonProjects/data-security-101/content/003LabUseCaseSolutions/003_lab_use_cases_images/case4_1.png,/home/ubuntu/pythonProjects/data-security-101/content/003LabUseCaseSolutions/003_use_case_4/case4_1.png,moved,leaf
/home/ubuntu/pythonProjects/data-security-101/content/003LabUseCaseSolutions/003_use_case_4/index.md,003_lab_use_cases_images/case4_2.png,/home/ubuntu/pythonProjects/data-security-101/content/003LabUseCaseSolutions/003_lab_use_cases_images/case4_2.png,/home/ubuntu/pythonProjects/data-security-101/content/003LabUseCaseSolutions/003_use_case_4/case4_2.png,moved,leaf
/home/ubuntu/pythonProjects/data-security-101/content/003LabUseCaseSolutions/003_use_case_4/index.md,003_lab_use_cases_images/case4_3.png,/home/ubuntu/pythonProjects/data-security-101/content/003LabUseCaseSolutions/003_lab_use_cases_images/case4_3.png,/home/ubuntu/pythonProjects/data-security-101/content/003LabUseCaseSolutions/003_use_case_4/case4_3.png,moved,leaf
/home/ubuntu/pythonProjects/data-security-101/content/003LabUseCaseSolutions/003_use_case_4/index.md,003_lab_use_cases_images/case4_4.png,/home/ubuntu/pythonProjects/data-security-101/content/003LabUseCaseSolutions/003_lab_use_cases_images/case4_4.png,/home/ubuntu/pythonProjects/data-security-101/content/003LabUseCaseSolutions/003_use_case_4/case4_4.png,moved,leaf
/home/ubuntu/pythonProjects/data-security-101/content/003LabUseCaseSolutions/003_use_case_4/index.md,003_lab_use_cases_images/case4_5.png,/home/ubuntu/pythonProjects/data-security-101/content/003LabUseCaseSolutions/003_lab_use_cases_images/case4_5.png,/home/ubuntu/pythonProjects/data-security-101/content/003LabUseCaseSolutions/003_use_case_4/case4_5.png,moved,leaf
/home/ubuntu/pythonProjects/data-security-101/content/003LabUseCaseSolutions/003_use_case_4/index.md,case4_1.png,NOT FOUND,,missing-shortcode,figure-shortcode
/home/ubuntu/pythonProjects/data-security-101/content/003LabUseCaseSolutions/003_use_case_4/index.md,case4_2.png,NOT FOUND,,missing-shortcode,figure-shortcode
/home/ubuntu/pythonProjects/data-security-101/content/003LabUseCaseSolutions/003_use_case_4/index.md,case4_3.png,NOT FOUND,,missing-shortcode,figure-shortcode
/home/ubuntu/pythonProjects/data-security-101/content/003LabUseCaseSolutions/003_use_case_4/index.md,case4_4.png,NOT FOUND,,missing-shortcode,figure-shortcode
/home/ubuntu/pythonProjects/data-security-101/content/003LabUseCaseSolutions/003_use_case_4/index.md,case4_5.png,NOT FOUND,,missing-shortcode,figure-shortcode
/home/ubuntu/pythonProjects/data-security-101/content/003LabUseCaseSolutions/003_use_case_13b/index.md,003_lab_use_cases_images/case13b_1.png,/home/ubuntu/pythonProjects/data-security-101/content/003LabUseCaseSolutions/003_lab_use_cases_images/case13b_1.png,/home/ubuntu/pythonProjects/data-security-101/content/003LabUseCaseSolutions/003_use_case_13b/case13b_1.png,moved,leaf
/home/ubuntu/pythonProjects/data-security-101/content/003LabUseCaseSolutions/003_use_case_13b/index.md,003_lab_use_cases_images/case13b_2.png,/home/ubuntu/pythonProjects/data-security-101/content/003LabUseCaseSolutions/003_lab_use_cases_images/case13b_2.png,/home/ubuntu/pythonProjects/data-security-101/content/003LabUseCaseSolutions/003_use_case_13b/case13b_2.png,moved,leaf
/home/ubuntu/pythonProjects/data-security-101/content/003LabUseCaseSolutions/003_use_case_13b/index.md,case13b_1.png,NOT FOUND,,missing-shortcode,figure-shortcode
/home/ubuntu/pythonProjects/data-security-101/content/003LabUseCaseSolutions/003_use_case_13b/index.md,case13b_2.png,NOT FOUND,,missing-shortcode,figure-shortcode
/home/ubuntu/pythonProjects/data-security-101/content/003LabUseCaseSolutions/003_use_case_6/index.md,003_lab_use_cases_images/case6_1.png,/home/ubuntu/pythonProjects/data-security-101/content/003LabUseCaseSolutions/003_lab_use_cases_images/case6_1.png,/home/ubuntu/pythonProjects/data-security-101/content/003LabUseCaseSolutions/003_use_case_6/case6_1.png,moved,leaf
/home/ubuntu/pythonProjects/data-security-101/content/003LabUseCaseSolutions/003_use_case_6/index.md,003_lab_use_cases_images/case6_2.png,/home/ubuntu/pythonProjects/data-security-101/content/003LabUseCaseSolutions/003_lab_use_cases_images/case6_2.png,/home/ubuntu/pythonProjects/data-security-101/content/003LabUseCaseSolutions/003_use_case_6/case6_2.png,moved,leaf
/home/ubuntu/pythonProjects/data-security-101/content/003LabUseCaseSolutions/003_use_case_6/index.md,003_lab_use_cases_images/case6_3.png,/home/ubuntu/pythonProjects/data-security-101/content/003LabUseCaseSolutions/003_lab_use_cases_images/case6_3.png,/home/ubuntu/pythonProjects/data-security-101/content/003LabUseCaseSolutions/003_use_case_6/case6_3.png,moved,leaf
/home/ubuntu/pythonProjects/data-security-101/content/003LabUseCaseSolutions/003_use_case_6/index.md,003_lab_use_cases_images/case6_4.png,/home/ubuntu/pythonProjects/data-security-101/content/003LabUseCaseSolutions/003_lab_use_cases_images/case6_4.png,/home/ubuntu/pythonProjects/data-security-101/content/003LabUseCaseSolutions/003_use_case_6/case6_4.png,moved,leaf
/home/ubuntu/pythonProjects/data-security-101/content/003LabUseCaseSolutions/003_use_case_6/index.md,003_lab_use_cases_images/case6_5.png,/home/ubuntu/pythonProjects/data-security-101/content/003LabUseCaseSolutions/003_lab_use_cases_images/case6_5.png,/home/ubuntu/pythonProjects/data-security-101/content/003LabUseCaseSolutions/003_use_case_6/case6_5.png,moved,leaf
/home/ubuntu/pythonProjects/data-security-101/content/003LabUseCaseSolutions/003_use_case_6/index.md,003_lab_use_cases_images/case6_6.png,/home/ubuntu/pythonProjects/data-security-101/content/003LabUseCaseSolutions/003_lab_use_cases_images/case6_6.png,/home/ubuntu/pythonProjects/data-security-101/content/003LabUseCaseSolutions/003_use_case_6/case6_6.png,moved,leaf
/home/ubuntu/pythonProjects/data-security-101/content/003LabUseCaseSolutions/003_use_case_6/index.md,003_lab_use_cases_images/case6_7.png,/home/ubuntu/pythonProjects/data-security-101/content/003LabUseCaseSolutions/003_lab_use_cases_images/case6_7.png,/home/ubuntu/pythonProjects/data-security-101/content/003LabUseCaseSolutions/003_use_case_6/case6_7.png,moved,leaf
/home/ubuntu/pythonProjects/data-security-101/content/003LabUseCaseSolutions/003_use_case_6/index.md,003_lab_use_cases_images/case6_8.png,/home/ubuntu/pythonProjects/data-security-101/content/003LabUseCaseSolutions/003_lab_use_cases_images/case6_8.png,/home/ubuntu/pythonProjects/data-security-101/content/003LabUseCaseSolutions/003_use_case_6/case6_8.png,moved,leaf
/home/ubuntu/pythonProjects/data-security-101/content/003LabUseCaseSolutions/003_use_case_6/index.md,003_lab_use_cases_images/case6_9.png,/home/ubuntu/pythonProjects/data-security-101/content/003LabUseCaseSolutions/003_lab_use_cases_images/case6_9.png,/home/ubuntu/pythonProjects/data-security-101/content/003LabUseCaseSolutions/003_use_case_6/case6_9.png,moved,leaf
/home/ubuntu/pythonProjects/data-security-101/content/003LabUseCaseSolutions/003_use_case_6/index.md,case6_1.png,NOT FOUND,,missing-shortcode,figure-shortcode
/home/ubuntu/pythonProjects/data-security-101/content/003LabUseCaseSolutions/003_use_case_6/index.md,case6_2.png,NOT FOUND,,missing-shortcode,figure-shortcode
/home/ubuntu/pythonProjects/data-security-101/content/003LabUseCaseSolutions/003_use_case_6/index.md,case6_3.png,NOT FOUND,,missing-shortcode,figure-shortcode
/home/ubuntu/pythonProjects/data-security-101/content/003LabUseCaseSolutions/003_use_case_6/index.md,case6_4.png,NOT FOUND,,missing-shortcode,figure-shortcode
/home/ubuntu/pythonProjects/data-security-101/content/003LabUseCaseSolutions/003_use_case_6/index.md,case6_5.png,NOT FOUND,,missing-shortcode,figure-shortcode
/home/ubuntu/pythonProjects/data-security-101/content/003LabUseCaseSolutions/003_use_case_6/index.md,case6_6.png,NOT FOUND,,missing-shortcode,figure-shortcode
/home/ubuntu/pythonProjects/data-security-101/content/003LabUseCaseSolutions/003_use_case_6/index.md,case6_7.png,NOT FOUND,,missing-shortcode,figure-shortcode
/home/ubuntu/pythonProjects/data-security-101/content/003LabUseCaseSolutions/003_use_case_6/index.md,case6_8.png,NOT FOUND,,missing-shortcode,figure-shortcode
/home/ubuntu/pythonProjects/data-security-101/content/003LabUseCaseSolutions/003_use_case_6/index.md,case6_9.png,NOT FOUND,,missing-shortcode,figure-shortcode
/home/ubuntu/pythonProjects/data-security-101/content/003LabUseCaseSolutions/003_use_case_9/index.md,003_lab_use_cases_images/case9_1.png,/home/ubuntu/pythonProjects/data-security-101/content/003LabUseCaseSolutions/003_lab_use_cases_images/case9_1.png,/home/ubuntu/pythonProjects/data-security-101/content/003LabUseCaseSolutions/003_use_case_9/case9_1.png,moved,leaf
/home/ubuntu/pythonProjects/data-security-101/content/003LabUseCaseSolutions/003_use_case_9/index.md,003_lab_use_cases_images/case9_2.png,/home/ubuntu/pythonProjects/data-security-101/content/003LabUseCaseSolutions/003_lab_use_cases_images/case9_2.png,/home/ubuntu/pythonProjects/data-security-101/content/003LabUseCaseSolutions/003_use_case_9/case9_2.png,moved,leaf
/home/ubuntu/pythonProjects/data-security-101/content/003LabUseCaseSolutions/003_use_case_9/index.md,003_lab_use_cases_images/case9_3.png,/home/ubuntu/pythonProjects/data-security-101/content/003LabUseCaseSolutions/003_lab_use_cases_images/case9_3.png,/home/ubuntu/pythonProjects/data-security-101/content/003LabUseCaseSolutions/003_use_case_9/case9_3.png,moved,leaf
/home/ubuntu/pythonProjects/data-security-101/content/003LabUseCaseSolutions/003_use_case_9/index.md,003_lab_use_cases_images/case9_4.png,/home/ubuntu/pythonProjects/data-security-101/content/003LabUseCaseSolutions/003_lab_use_cases_images/case9_4.png,/home/ubuntu/pythonProjects/data-security-101/content/003LabUseCaseSolutions/003_use_case_9/case9_4.png,moved,leaf
/home/ubuntu/pythonProjects/data-security-101/content/003LabUseCaseSolutions/003_use_case_9/index.md,003_lab_use_cases_images/case9_5.png,/home/ubuntu/pythonProjects/data-security-101/content/003LabUseCaseSolutions/003_lab_use_cases_images/case9_5.png,/home/ubuntu/pythonProjects/data-security-101/content/003LabUseCaseSolutions/003_use_case_9/case9_5.png,moved,leaf
/home/ubuntu/pythonProjects/data-security-101/content/003LabUseCaseSolutions/003_use_case_9/index.md,case9_1.png,NOT FOUND,,missing-shortcode,figure-shortcode
/home/ubuntu/pythonProjects/data-security-101/content/003LabUseCaseSolutions/003_use_case_9/index.md,case9_2.png,NOT FOUND,,missing-shortcode,figure-shortcode
/home/ubuntu/pythonProjects/data-security-101/content/003LabUseCaseSolutions/003_use_case_9/index.md,case9_3.png,NOT FOUND,,missing-shortcode,figure-shortcode
/home/ubuntu/pythonProjects/data-security-101/content/003LabUseCaseSolutions/003_use_case_9/index.md,case9_4.png,NOT FOUND,,missing-shortcode,figure-shortcode
/home/ubuntu/pythonProjects/data-security-101/content/003LabUseCaseSolutions/003_use_case_9/index.md,case9_5.png,NOT FOUND,,missing-shortcode,figure-shortcode
/home/ubuntu/pythonProjects/data-security-101/content/003LabUseCaseSolutions/003_use_case_11/index.md,003_lab_use_cases_images/case11_1.png,/home/ubuntu/pythonProjects/data-security-101/content/003LabUseCaseSolutions/003_lab_use_cases_images/case11_1.png,/home/ubuntu/pythonProjects/data-security-101/content/003LabUseCaseSolutions/003_use_case_11/case11_1.png,moved,leaf
/home/ubuntu/pythonProjects/data-security-101/content/003LabUseCaseSolutions/003_use_case_11/index.md,003_lab_use_cases_images/case11_2.png,/home/ubuntu/pythonProjects/data-security-101/content/003LabUseCaseSolutions/003_lab_use_cases_images/case11_2.png,/home/ubuntu/pythonProjects/data-security-101/content/003LabUseCaseSolutions/003_use_case_11/case11_2.png,moved,leaf
/home/ubuntu/pythonProjects/data-security-101/content/003LabUseCaseSolutions/003_use_case_11/index.md,003_lab_use_cases_images/case11_3.png,/home/ubuntu/pythonProjects/data-security-101/content/003LabUseCaseSolutions/003_lab_use_cases_images/case11_3.png,/home/ubuntu/pythonProjects/data-security-101/content/003LabUseCaseSolutions/003_use_case_11/case11_3.png,moved,leaf
/home/ubuntu/pythonProjects/data-security-101/content/003LabUseCaseSolutions/003_use_case_11/index.md,003_lab_use_cases_images/case11_4.png,/home/ubuntu/pythonProjects/data-security-101/content/003LabUseCaseSolutions/003_lab_use_cases_images/case11_4.png,/home/ubuntu/pythonProjects/data-security-101/content/003LabUseCaseSolutions/003_use_case_11/case11_4.png,moved,leaf
/home/ubuntu/pythonProjects/data-security-101/content/003LabUseCaseSolutions/003_use_case_11/index.md,003_lab_use_cases_images/case11_5.png,/home/ubuntu/pythonProjects/data-security-101/content/003LabUseCaseSolutions/003_lab_use_cases_images/case11_5.png,/home/ubuntu/pythonProjects/data-security-101/content/003LabUseCaseSolutions/003_use_case_11/case11_5.png,moved,leaf
/home/ubuntu/pythonProjects/data-security-101/content/003LabUseCaseSolutions/003_use_case_11/index.md,003_lab_use_cases_images/case11_6.png,/home/ubuntu/pythonProjects/data-security-101/content/003LabUseCaseSolutions/003_lab_use_cases_images/case11_6.png,/home/ubuntu/pythonProjects/data-security-101/content/003LabUseCaseSolutions/003_use_case_11/case11_6.png,moved,leaf
/home/ubuntu/pythonProjects/data-security-101/content/003LabUseCaseSolutions/003_use_case_11/index.md,003_lab_use_cases_images/case11_7.png,/home/ubuntu/pythonProjects/data-security-101/content/003LabUseCaseSolutions/003_lab_use_cases_images/case11_7.png,/home/ubuntu/pythonProjects/data-security-101/content/003LabUseCaseSolutions/003_use_case_11/case11_7.png,moved,leaf
/home/ubuntu/pythonProjects/data-security-101/content/003LabUseCaseSolutions/003_use_case_11/index.md,case11_1.png,NOT FOUND,,missing-shortcode,figure-shortcode
/home/ubuntu/pythonProjects/data-security-101/content/003LabUseCaseSolutions/003_use_case_11/index.md,case11_2.png,NOT FOUND,,missing-shortcode,figure-shortcode
/home/ubuntu/pythonProjects/data-security-101/content/003LabUseCaseSolutions/003_use_case_11/index.md,case11_3.png,NOT FOUND,,missing-shortcode,figure-shortcode
/home/ubuntu/pythonProjects/data-security-101/content/003LabUseCaseSolutions/003_use_case_11/index.md,case11_4.png,NOT FOUND,,missing-shortcode,figure-shortcode
/home/ubuntu/pythonProjects/data-security-101/content/003LabUseCaseSolutions/003_use_case_11/index.md,case11_5.png,NOT FOUND,,missing-shortcode,figure-shortcode
/home/ubuntu/pythonProjects/data-security-101/content/003LabUseCaseSolutions/003_use_case_11/index.md,case11_6.png,NOT FOUND,,missing-shortcode,figure-shortcode
/home/ubuntu/pythonProjects/data-security-101/content/003LabUseCaseSolutions/003_use_case_11/index.md,case11_7.png,NOT FOUND,,missing-shortcode,figure-shortcode
/home/ubuntu/pythonProjects/data-security-101/content/003LabUseCaseSolutions/003_use_case_12/index.md,003_lab_use_cases_images/case12_1.png,/home/ubuntu/pythonProjects/data-security-101/content/003LabUseCaseSolutions/003_lab_use_cases_images/case12_1.png,/home/ubuntu/pythonProjects/data-security-101/content/003LabUseCaseSolutions/003_use_case_12/case12_1.png,moved,leaf
/home/ubuntu/pythonProjects/data-security-101/content/003LabUseCaseSolutions/003_use_case_12/index.md,003_lab_use_cases_images/case12_2.png,/home/ubuntu/pythonProjects/data-security-101/content/003LabUseCaseSolutions/003_lab_use_cases_images/case12_2.png,/home/ubuntu/pythonProjects/data-security-101/content/003LabUseCaseSolutions/003_use_case_12/case12_2.png,moved,leaf
/home/ubuntu/pythonProjects/data-security-101/content/003LabUseCaseSolutions/003_use_case_12/index.md,case12_1.png,NOT FOUND,,missing-shortcode,figure-shortcode
/home/ubuntu/pythonProjects/data-security-101/content/003LabUseCaseSolutions/003_use_case_12/index.md,case12_2.png,NOT FOUND,,missing-shortcode,figure-shortcode
/home/ubuntu/pythonProjects/data-security-101/content/003LabUseCaseSolutions/003_use_case_2/index.md,003_lab_use_cases_images/case2_1.png,/home/ubuntu/pythonProjects/data-security-101/content/003LabUseCaseSolutions/003_lab_use_cases_images/case2_1.png,/home/ubuntu/pythonProjects/data-security-101/content/003LabUseCaseSolutions/003_use_case_2/case2_1.png,moved,leaf
/home/ubuntu/pythonProjects/data-security-101/content/003LabUseCaseSolutions/003_use_case_2/index.md,003_lab_use_cases_images/case2_2.png,/home/ubuntu/pythonProjects/data-security-101/content/003LabUseCaseSolutions/003_lab_use_cases_images/case2_2.png,/home/ubuntu/pythonProjects/data-security-101/content/003LabUseCaseSolutions/003_use_case_2/case2_2.png,moved,leaf
/home/ubuntu/pythonProjects/data-security-101/content/003LabUseCaseSolutions/003_use_case_2/index.md,003_lab_use_cases_images/case2_3.png,/home/ubuntu/pythonProjects/data-security-101/content/003LabUseCaseSolutions/003_lab_use_cases_images/case2_3.png,/home/ubuntu/pythonProjects/data-security-101/content/003LabUseCaseSolutions/003_use_case_2/case2_3.png,moved,leaf
/home/ubuntu/pythonProjects/data-security-101/content/003LabUseCaseSolutions/003_use_case_2/index.md,003_lab_use_cases_images/case2_4.png,/home/ubuntu/pythonProjects/data-security-101/content/003LabUseCaseSolutions/003_lab_use_cases_images/case2_4.png,/home/ubuntu/pythonProjects/data-security-101/content/003LabUseCaseSolutions/003_use_case_2/case2_4.png,moved,leaf
/home/ubuntu/pythonProjects/data-security-101/content/003LabUseCaseSolutions/003_use_case_2/index.md,003_lab_use_cases_images/case2_5.png,/home/ubuntu/pythonProjects/data-security-101/content/003LabUseCaseSolutions/003_lab_use_cases_images/case2_5.png,/home/ubuntu/pythonProjects/data-security-101/content/003LabUseCaseSolutions/003_use_case_2/case2_5.png,moved,leaf
/home/ubuntu/pythonProjects/data-security-101/content/003LabUseCaseSolutions/003_use_case_2/index.md,case2_1.png,NOT FOUND,,missing-shortcode,figure-shortcode
/home/ubuntu/pythonProjects/data-security-101/content/003LabUseCaseSolutions/003_use_case_2/index.md,case2_2.png,NOT FOUND,,missing-shortcode,figure-shortcode
/home/ubuntu/pythonProjects/data-security-101/content/003LabUseCaseSolutions/003_use_case_2/index.md,case2_3.png,NOT FOUND,,missing-shortcode,figure-shortcode
/home/ubuntu/pythonProjects/data-security-101/content/003LabUseCaseSolutions/003_use_case_2/index.md,case2_4.png,NOT FOUND,,missing-shortcode,figure-shortcode
/home/ubuntu/pythonProjects/data-security-101/content/003LabUseCaseSolutions/003_use_case_2/index.md,case2_5.png,NOT FOUND,,missing-shortcode,figure-shortcode
/home/ubuntu/pythonProjects/data-security-101/content/003LabUseCaseSolutions/003_use_case_10/index.md,003_lab_use_cases_images/case10_1.png,/home/ubuntu/pythonProjects/data-security-101/content/003LabUseCaseSolutions/003_lab_use_cases_images/case10_1.png,/home/ubuntu/pythonProjects/data-security-101/content/003LabUseCaseSolutions/003_use_case_10/case10_1.png,moved,leaf
/home/ubuntu/pythonProjects/data-security-101/content/003LabUseCaseSolutions/003_use_case_10/index.md,003_lab_use_cases_images/case10_2.png,/home/ubuntu/pythonProjects/data-security-101/content/003LabUseCaseSolutions/003_lab_use_cases_images/case10_2.png,/home/ubuntu/pythonProjects/data-security-101/content/003LabUseCaseSolutions/003_use_case_10/case10_2.png,moved,leaf
/home/ubuntu/pythonProjects/data-security-101/content/003LabUseCaseSolutions/003_use_case_10/index.md,003_lab_use_cases_images/case10_3.png,/home/ubuntu/pythonProjects/data-security-101/content/003LabUseCaseSolutions/003_lab_use_cases_images/case10_3.png,/home/ubuntu/pythonProjects/data-security-101/content/003LabUseCaseSolutions/003_use_case_10/case10_3.png,moved,leaf
/home/ubuntu/pythonProjects/data-security-101/content/003LabUseCaseSolutions/003_use_case_10/index.md,003_lab_use_cases_images/case10_4.png,/home/ubuntu/pythonProjects/data-security-101/content/003LabUseCaseSolutions/003_lab_use_cases_images/case10_4.png,/home/ubuntu/pythonProjects/data-security-101/content/003LabUseCaseSolutions/003_use_case_10/case10_4.png,moved,leaf
/home/ubuntu/pythonProjects/data-security-101/content/003LabUseCaseSolutions/003_use_case_10/index.md,003_lab_use_cases_images/case10_5.png,/home/ubuntu/pythonProjects/data-security-101/content/003LabUseCaseSolutions/003_lab_use_cases_images/case10_5.png,/home/ubuntu/pythonProjects/data-security-101/content/003LabUseCaseSolutions/003_use_case_10/case10_5.png,moved,leaf
/home/ubuntu/pythonProjects/data-security-101/content/003LabUseCaseSolutions/003_use_case_10/index.md,case10_1.png,NOT FOUND,,missing-shortcode,figure-shortcode
/home/ubuntu/pythonProjects/data-security-101/content/003LabUseCaseSolutions/003_use_case_10/index.md,case10_2.png,NOT FOUND,,missing-shortcode,figure-shortcode
/home/ubuntu/pythonProjects/data-security-101/content/003LabUseCaseSolutions/003_use_case_10/index.md,case10_3.png,NOT FOUND,,missing-shortcode,figure-shortcode
/home/ubuntu/pythonProjects/data-security-101/content/003LabUseCaseSolutions/003_use_case_10/index.md,case10_4.png,NOT FOUND,,missing-shortcode,figure-shortcode
/home/ubuntu/pythonProjects/data-security-101/content/003LabUseCaseSolutions/003_use_case_10/index.md,case10_5.png,NOT FOUND,,missing-shortcode,figure-shortcode
/home/ubuntu/pythonProjects/data-security-101/content/003LabUseCaseSolutions/003_use_case_13a/index.md,003_lab_use_cases_images/case13a_1.png,/home/ubuntu/pythonProjects/data-security-101/content/003LabUseCaseSolutions/003_lab_use_cases_images/case13a_1.png,/home/ubuntu/pythonProjects/data-security-101/content/003LabUseCaseSolutions/003_use_case_13a/case13a_1.png,moved,leaf
/home/ubuntu/pythonProjects/data-security-101/content/003LabUseCaseSolutions/003_use_case_13a/index.md,003_lab_use_cases_images/case13a_2.png,/home/ubuntu/pythonProjects/data-security-101/content/003LabUseCaseSolutions/003_lab_use_cases_images/case13a_2.png,/home/ubuntu/pythonProjects/data-security-101/content/003LabUseCaseSolutions/003_use_case_13a/case13a_2.png,moved,leaf
/home/ubuntu/pythonProjects/data-security-101/content/003LabUseCaseSolutions/003_use_case_13a/index.md,003_lab_use_cases_images/case13a_3.png,/home/ubuntu/pythonProjects/data-security-101/content/003LabUseCaseSolutions/003_lab_use_cases_images/case13a_3.png,/home/ubuntu/pythonProjects/data-security-101/content/003LabUseCaseSolutions/003_use_case_13a/case13a_3.png,moved,leaf
/home/ubuntu/pythonProjects/data-security-101/content/003LabUseCaseSolutions/003_use_case_13a/index.md,003_lab_use_cases_images/case13a_4.png,/home/ubuntu/pythonProjects/data-security-101/content/003LabUseCaseSolutions/003_lab_use_cases_images/case13a_4.png,/home/ubuntu/pythonProjects/data-security-101/content/003LabUseCaseSolutions/003_use_case_13a/case13a_4.png,moved,leaf
/home/ubuntu/pythonProjects/data-security-101/content/003LabUseCaseSolutions/003_use_case_13a/index.md,case13a_1.png,NOT FOUND,,missing-shortcode,figure-shortcode
/home/ubuntu/pythonProjects/data-security-101/content/003LabUseCaseSolutions/003_use_case_13a/index.md,case13a_2.png,NOT FOUND,,missing-shortcode,figure-shortcode
/home/ubuntu/pythonProjects/data-security-101/content/003LabUseCaseSolutions/003_use_case_13a/index.md,case13a_3.png,NOT FOUND,,missing-shortcode,figure-shortcode
/home/ubuntu/pythonProjects/data-security-101/content/003LabUseCaseSolutions/003_use_case_13a/index.md,case13a_4.png,NOT FOUND,,missing-shortcode,figure-shortcode
/home/ubuntu/pythonProjects/data-security-101/content/003LabUseCaseSolutions/003_use_case_13c/index.md,003_lab_use_cases_images/case13c_1.png,/home/ubuntu/pythonProjects/data-security-101/content/003LabUseCaseSolutions/003_lab_use_cases_images/case13c_1.png,/home/ubuntu/pythonProjects/data-security-101/content/003LabUseCaseSolutions/003_use_case_13c/case13c_1.png,moved,leaf
/home/ubuntu/pythonProjects/data-security-101/content/003LabUseCaseSolutions/003_use_case_13c/index.md,003_lab_use_cases_images/case13c_2.png,/home/ubuntu/pythonProjects/data-security-101/content/003LabUseCaseSolutions/003_lab_use_cases_images/case13c_2.png,/home/ubuntu/pythonProjects/data-security-101/content/003LabUseCaseSolutions/003_use_case_13c/case13c_2.png,moved,leaf
/home/ubuntu/pythonProjects/data-security-101/content/003LabUseCaseSolutions/003_use_case_13c/index.md,003_lab_use_cases_images/case13c_3.png,/home/ubuntu/pythonProjects/data-security-101/content/003LabUseCaseSolutions/003_lab_use_cases_images/case13c_3.png,/home/ubuntu/pythonProjects/data-security-101/content/003LabUseCaseSolutions/003_use_case_13c/case13c_3.png,moved,leaf
/home/ubuntu/pythonProjects/data-security-101/content/003LabUseCaseSolutions/003_use_case_13c/index.md,003_lab_use_cases_images/case13c_4.png,/home/ubuntu/pythonProjects/data-security-101/content/003LabUseCaseSolutions/003_lab_use_cases_images/case13c_4.png,/home/ubuntu/pythonProjects/data-security-101/content/003LabUseCaseSolutions/003_use_case_13c/case13c_4.png,moved,leaf
/home/ubuntu/pythonProjects/data-security-101/content/003LabUseCaseSolutions/003_use_case_13c/index.md,003_lab_use_cases_images/case13c_5.png,/home/ubuntu/pythonProjects/data-security-101/content/003LabUseCaseSolutions/003_lab_use_cases_images/case13c_5.png,/home/ubuntu/pythonProjects/data-security-101/content/003LabUseCaseSolutions/003_use_case_13c/case13c_5.png,moved,leaf
/home/ubuntu/pythonProjects/data-security-101/content/003LabUseCaseSolutions/003_use_case_13c/index.md,003_lab_use_cases_images/case13c_6.png,/home/ubuntu/pythonProjects/data-security-101/content/003LabUseCaseSolutions/003_lab_use_cases_images/case13c_6.png,/home/ubuntu/pythonProjects/data-security-101/content/003LabUseCaseSolutions/003_use_case_13c/case13c_6.png,moved,leaf
/home/ubuntu/pythonProjects/data-security-101/content/003LabUseCaseSolutions/003_use_case_13c/index.md,003_lab_use_cases_images/case13c_7.png,/home/ubuntu/pythonProjects/data-security-101/content/003LabUseCaseSolutions/003_lab_use_cases_images/case13c_7.png,/home/ubuntu/pythonProjects/data-security-101/content/003LabUseCaseSolutions/003_use_case_13c/case13c_7.png,moved,leaf
/home/ubuntu/pythonProjects/data-security-101/content/003LabUseCaseSolutions/003_use_case_13c/index.md,case13c_1.png,NOT FOUND,,missing-shortcode,figure-shortcode
/home/ubuntu/pythonProjects/data-security-101/content/003LabUseCaseSolutions/003_use_case_13c/index.md,case13c_2.png,NOT FOUND,,missing-shortcode,figure-shortcode
/home/ubuntu/pythonProjects/data-security-101/content/003LabUseCaseSolutions/003_use_case_13c/index.md,case13c_3.png,NOT FOUND,,missing-shortcode,figure-shortcode
/home/ubuntu/pythonProjects/data-security-101/content/003LabUseCaseSolutions/003_use_case_13c/index.md,case13c_4.png,NOT FOUND,,missing-shortcode,figure-shortcode
/home/ubuntu/pythonProjects/data-security-101/content/003LabUseCaseSolutions/003_use_case_13c/index.md,case13c_5.png,NOT FOUND,,missing-shortcode,figure-shortcode
/home/ubuntu/pythonProjects/data-security-101/content/003LabUseCaseSolutions/003_use_case_13c/index.md,case13c_6.png,NOT FOUND,,missing-shortcode,figure-shortcode
/home/ubuntu/pythonProjects/data-security-101/content/003LabUseCaseSolutions/003_use_case_13c/index.md,case13c_7.png,NOT FOUND,,missing-shortcode,figure-shortcode
/home/ubuntu/pythonProjects/data-security-101/content/003LabUseCaseSolutions/003_use_case_1/index.md,003_lab_use_cases_images/case1_1.png,/home/ubuntu/pythonProjects/data-security-101/content/003LabUseCaseSolutions/003_lab_use_cases_images/case1_1.png,/home/ubuntu/pythonProjects/data-security-101/content/003LabUseCaseSolutions/003_use_case_1/case1_1.png,moved,leaf
/home/ubuntu/pythonProjects/data-security-101/content/003LabUseCaseSolutions/003_use_case_1/index.md,003_lab_use_cases_images/case1_2.png,/home/ubuntu/pythonProjects/data-security-101/content/003LabUseCaseSolutions/003_lab_use_cases_images/case1_2.png,/home/ubuntu/pythonProjects/data-security-101/content/003LabUseCaseSolutions/003_use_case_1/case1_2.png,moved,leaf
/home/ubuntu/pythonProjects/data-security-101/content/003LabUseCaseSolutions/003_use_case_1/index.md,003_lab_use_cases_images/case1_3.png,/home/ubuntu/pythonProjects/data-security-101/content/003LabUseCaseSolutions/003_lab_use_cases_images/case1_3.png,/home/ubuntu/pythonProjects/data-security-101/content/003LabUseCaseSolutions/003_use_case_1/case1_3.png,moved,leaf
/home/ubuntu/pythonProjects/data-security-101/content/003LabUseCaseSolutions/003_use_case_1/index.md,case1_1.png,NOT FOUND,,missing-shortcode,figure-shortcode
/home/ubuntu/pythonProjects/data-security-101/content/003LabUseCaseSolutions/003_use_case_1/index.md,case1_2.png,NOT FOUND,,missing-shortcode,figure-shortcode
/home/ubuntu/pythonProjects/data-security-101/content/003LabUseCaseSolutions/003_use_case_1/index.md,case1_3.png,NOT FOUND,,missing-shortcode,figure-shortcode
/home/ubuntu/pythonProjects/data-security-101/content/003LabUseCaseSolutions/003_use_case_3/index.md,003_lab_use_cases_images/case3_1.png,/home/ubuntu/pythonProjects/data-security-101/content/003LabUseCaseSolutions/003_lab_use_cases_images/case3_1.png,/home/ubuntu/pythonProjects/data-security-101/content/003LabUseCaseSolutions/003_use_case_3/case3_1.png,moved,leaf
/home/ubuntu/pythonProjects/data-security-101/content/003LabUseCaseSolutions/003_use_case_3/index.md,003_lab_use_cases_images/case3_2.png,/home/ubuntu/pythonProjects/data-security-101/content/003LabUseCaseSolutions/003_lab_use_cases_images/case3_2.png,/home/ubuntu/pythonProjects/data-security-101/content/003LabUseCaseSolutions/003_use_case_3/case3_2.png,moved,leaf
/home/ubuntu/pythonProjects/data-security-101/content/003LabUseCaseSolutions/003_use_case_3/index.md,003_lab_use_cases_images/case3_3.png,/home/ubuntu/pythonProjects/data-security-101/content/003LabUseCaseSolutions/003_lab_use_cases_images/case3_3.png,/home/ubuntu/pythonProjects/data-security-101/content/003LabUseCaseSolutions/003_use_case_3/case3_3.png,moved,leaf
/home/ubuntu/pythonProjects/data-security-101/content/003LabUseCaseSolutions/003_use_case_3/index.md,003_lab_use_cases_images/case3_4.png,/home/ubuntu/pythonProjects/data-security-101/content/003LabUseCaseSolutions/003_lab_use_cases_images/case3_4.png,/home/ubuntu/pythonProjects/data-security-101/content/003LabUseCaseSolutions/003_use_case_3/case3_4.png,moved,leaf
/home/ubuntu/pythonProjects/data-security-101/content/003LabUseCaseSolutions/003_use_case_3/index.md,003_lab_use_cases_images/case3_5.png,/home/ubuntu/pythonProjects/data-security-101/content/003LabUseCaseSolutions/003_lab_use_cases_images/case3_5.png,/home/ubuntu/pythonProjects/data-security-101/content/003LabUseCaseSolutions/003_use_case_3/case3_5.png,moved,leaf
/home/ubuntu/pythonProjects/data-security-101/content/003LabUseCaseSolutions/003_use_case_3/index.md,003_lab_use_cases_images/case3_6.png,/home/ubuntu/pythonProjects/data-security-101/content/003LabUseCaseSolutions/003_lab_use_cases_images/case3_6.png,/home/ubuntu/pythonProjects/data-security-101/content/003LabUseCaseSolutions/003_use_case_3/case3_6.png,moved,leaf
/home/ubuntu/pythonProjects/data-security-101/content/003LabUseCaseSolutions/003_use_case_3/index.md,case3_1.png,NOT FOUND,,missing-shortcode,figure-shortcode
/home/ubuntu/pythonProjects/data-security-101/content/003LabUseCaseSolutions/003_use_case_3/index.md,case3_2.png,NOT FOUND,,missing-shortcode,figure-shortcode
/home/ubuntu/pythonProjects/data-security-101/content/003LabUseCaseSolutions/003_use_case_3/index.md,case3_3.png,NOT FOUND,,missing-shortcode,figure-shortcode
/home/ubuntu/pythonProjects/data-security-101/content/003LabUseCaseSolutions/003_use_case_3/index.md,case3_4.png,NOT FOUND,,missing-shortcode,figure-shortcode
/home/ubuntu/pythonProjects/data-security-101/content/003LabUseCaseSolutions/003_use_case_3/index.md,case3_5.png,NOT FOUND,,missing-shortcode,figure-shortcode
/home/ubuntu/pythonProjects/data-security-101/content/003LabUseCaseSolutions/003_use_case_3/index.md,case3_6.png,NOT FOUND,,missing-shortcode,figure-shortcode
/home/ubuntu/pythonProjects/data-security-101/content/003LabUseCaseSolutions/003_use_case_8/index.md,003_lab_use_cases_images/case8_1.png,/home/ubuntu/pythonProjects/data-security-101/content/003LabUseCaseSolutions/003_lab_use_cases_images/case8_1.png,/home/ubuntu/pythonProjects/data-security-101/content/003LabUseCaseSolutions/003_use_case_8/case8_1.png,moved,leaf
/home/ubuntu/pythonProjects/data-security-101/content/003LabUseCaseSolutions/003_use_case_8/index.md,003_lab_use_cases_images/case8_2.png,/home/ubuntu/pythonProjects/data-security-101/content/003LabUseCaseSolutions/003_lab_use_cases_images/case8_2.png,/home/ubuntu/pythonProjects/data-security-101/content/003LabUseCaseSolutions/003_use_case_8/case8_2.png,moved,leaf
/home/ubuntu/pythonProjects/data-security-101/content/003LabUseCaseSolutions/003_use_case_8/index.md,003_lab_use_cases_images/case8_3.png,/home/ubuntu/pythonProjects/data-security-101/content/003LabUseCaseSolutions/003_lab_use_cases_images/case8_3.png,/home/ubuntu/pythonProjects/data-security-101/content/003LabUseCaseSolutions/003_use_case_8/case8_3.png,moved,leaf
/home/ubuntu/pythonProjects/data-security-101/content/003LabUseCaseSolutions/003_use_case_8/index.md,003_lab_use_cases_images/case8_4.png,/home/ubuntu/pythonProjects/data-security-101/content/003LabUseCaseSolutions/003_lab_use_cases_images/case8_4.png,/home/ubuntu/pythonProjects/data-security-101/content/003LabUseCaseSolutions/003_use_case_8/case8_4.png,moved,leaf
/home/ubuntu/pythonProjects/data-security-101/content/003LabUseCaseSolutions/003_use_case_8/index.md,003_lab_use_cases_images/case8_5.png,/home/ubuntu/pythonProjects/data-security-101/content/003LabUseCaseSolutions/003_lab_use_cases_images/case8_5.png,/home/ubuntu/pythonProjects/data-security-101/content/003LabUseCaseSolutions/003_use_case_8/case8_5.png,moved,leaf
/home/ubuntu/pythonProjects/data-security-101/content/003LabUseCaseSolutions/003_use_case_8/index.md,003_lab_use_cases_images/case8_6.png,/home/ubuntu/pythonProjects/data-security-101/content/003LabUseCaseSolutions/003_lab_use_cases_images/case8_6.png,/home/ubuntu/pythonProjects/data-security-101/content/003LabUseCaseSolutions/003_use_case_8/case8_6.png,moved,leaf
/home/ubuntu/pythonProjects/data-security-101/content/003LabUseCaseSolutions/003_use_case_8/index.md,003_lab_use_cases_images/case8_7.png,/home/ubuntu/pythonProjects/data-security-101/content/003LabUseCaseSolutions/003_lab_use_cases_images/case8_7.png,/home/ubuntu/pythonProjects/data-security-101/content/003LabUseCaseSolutions/003_use_case_8/case8_7.png,moved,leaf
/home/ubuntu/pythonProjects/data-security-101/content/003LabUseCaseSolutions/003_use_case_8/index.md,003_lab_use_cases_images/case8_8.png,/home/ubuntu/pythonProjects/data-security-101/content/003LabUseCaseSolutions/003_lab_use_cases_images/case8_8.png,/home/ubuntu/pythonProjects/data-security-101/content/003LabUseCaseSolutions/003_use_case_8/case8_8.png,moved,leaf
/home/ubuntu/pythonProjects/data-security-101/content/003LabUseCaseSolutions/003_use_case_8/index.md,case8_1.png,NOT FOUND,,missing-shortcode,figure-shortcode
/home/ubuntu/pythonProjects/data-security-101/content/003LabUseCaseSolutions/003_use_case_8/index.md,case8_2.png,NOT FOUND,,missing-shortcode,figure-shortcode
/home/ubuntu/pythonProjects/data-security-101/content/003LabUseCaseSolutions/003_use_case_8/index.md,case8_3.png,NOT FOUND,,missing-shortcode,figure-shortcode
/home/ubuntu/pythonProjects/data-security-101/content/003LabUseCaseSolutions/003_use_case_8/index.md,case8_4.png,NOT FOUND,,missing-shortcode,figure-shortcode
/home/ubuntu/pythonProjects/data-security-101/content/003LabUseCaseSolutions/003_use_case_8/index.md,case8_5.png,NOT FOUND,,missing-shortcode,figure-shortcode
/home/ubuntu/pythonProjects/data-security-101/content/003LabUseCaseSolutions/003_use_case_8/index.md,case8_6.png,NOT FOUND,,missing-shortcode,figure-shortcode
/home/ubuntu/pythonProjects/data-security-101/content/003LabUseCaseSolutions/003_use_case_8/index.md,case8_7.png,NOT FOUND,,missing-shortcode,figure-shortcode
/home/ubuntu/pythonProjects/data-security-101/content/003LabUseCaseSolutions/003_use_case_8/index.md,case8_8.png,NOT FOUND,,missing-shortcode,figure-shortcode
/home/ubuntu/pythonProjects/data-security-101/content/002HandsOnLab/003_lab_use_cases/index.md,003_lab_use_cases_images/lab_use_cases_title.jpg,/home/ubuntu/pythonProjects/data-security-101/content/002HandsOnLab/003_lab_use_cases_images/lab_use_cases_title.jpg,/home/ubuntu/pythonProjects/data-security-101/content/002HandsOnLab/003_lab_use_cases/lab_use_cases_title.jpg,moved,leaf
/home/ubuntu/pythonProjects/data-security-101/content/002HandsOnLab/003_lab_use_cases/index.md,003_lab_use_cases_images/lab_use_cases_1.jpg,/home/ubuntu/pythonProjects/data-security-101/content/002HandsOnLab/003_lab_use_cases_images/lab_use_cases_1.jpg,/home/ubuntu/pythonProjects/data-security-101/content/002HandsOnLab/003_lab_use_cases/lab_use_cases_1.jpg,moved,leaf
/home/ubuntu/pythonProjects/data-security-101/content/002HandsOnLab/003_lab_use_cases/index.md,lab_use_cases_title.jpg,NOT FOUND,,missing-shortcode,figure-shortcode
/home/ubuntu/pythonProjects/data-security-101/content/002HandsOnLab/003_lab_use_cases/index.md,lab_use_cases_1.jpg,NOT FOUND,,missing-shortcode,figure-shortcode
/home/ubuntu/pythonProjects/data-security-101/content/002HandsOnLab/001_lab_access_instructions/index.md,001_lab_access_instructions_images/vm_access_3.jpg,/home/ubuntu/pythonProjects/data-security-101/content/002HandsOnLab/001_lab_access_instructions_images/vm_access_3.jpg,/home/ubuntu/pythonProjects/data-security-101/content/002HandsOnLab/001_lab_access_instructions/vm_access_3.jpg,moved,leaf
/home/ubuntu/pythonProjects/data-security-101/content/002HandsOnLab/001_lab_access_instructions/index.md,001_lab_access_instructions_images/vm_access_1.jpg,/home/ubuntu/pythonProjects/data-security-101/content/002HandsOnLab/001_lab_access_instructions_images/vm_access_1.jpg,/home/ubuntu/pythonProjects/data-security-101/content/002HandsOnLab/001_lab_access_instructions/vm_access_1.jpg,moved,leaf
/home/ubuntu/pythonProjects/data-security-101/content/002HandsOnLab/001_lab_access_instructions/index.md,001_lab_access_instructions_images/vm_access_2.jpg,/home/ubuntu/pythonProjects/data-security-101/content/002HandsOnLab/001_lab_access_instructions_images/vm_access_2.jpg,/home/ubuntu/pythonProjects/data-security-101/content/002HandsOnLab/001_lab_access_instructions/vm_access_2.jpg,moved,leaf
/home/ubuntu/pythonProjects/data-security-101/content/002HandsOnLab/001_lab_access_instructions/index.md,001_lab_access_instructions_images/vm_access_3.jpg,NOT FOUND,,missing,leaf
/home/ubuntu/pythonProjects/data-security-101/content/002HandsOnLab/001_lab_access_instructions/index.md,001_lab_access_instructions_images/vm_access_4.jpg,/home/ubuntu/pythonProjects/data-security-101/content/002HandsOnLab/001_lab_access_instructions_images/vm_access_4.jpg,/home/ubuntu/pythonProjects/data-security-101/content/002HandsOnLab/001_lab_access_instructions/vm_access_4.jpg,moved,leaf
/home/ubuntu/pythonProjects/data-security-101/content/002HandsOnLab/001_lab_access_instructions/index.md,001_lab_access_instructions_images/vm_access_5.jpg,/home/ubuntu/pythonProjects/data-security-101/content/002HandsOnLab/001_lab_access_instructions_images/vm_access_5.jpg,/home/ubuntu/pythonProjects/data-security-101/content/002HandsOnLab/001_lab_access_instructions/vm_access_5.jpg,moved,leaf
/home/ubuntu/pythonProjects/data-security-101/content/002HandsOnLab/001_lab_access_instructions/index.md,001_lab_access_instructions_images/vm_access_10.jpg,/home/ubuntu/pythonProjects/data-security-101/content/002HandsOnLab/001_lab_access_instructions_images/vm_access_10.jpg,/home/ubuntu/pythonProjects/data-security-101/content/002HandsOnLab/001_lab_access_instructions/vm_access_10.jpg,moved,leaf
/home/ubuntu/pythonProjects/data-security-101/content/002HandsOnLab/001_lab_access_instructions/index.md,001_lab_access_instructions_images/vm_access_13.jpg,/home/ubuntu/pythonProjects/data-security-101/content/002HandsOnLab/001_lab_access_instructions_images/vm_access_13.jpg,/home/ubuntu/pythonProjects/data-security-101/content/002HandsOnLab/001_lab_access_instructions/vm_access_13.jpg,moved,leaf
/home/ubuntu/pythonProjects/data-security-101/content/002HandsOnLab/001_lab_access_instructions/index.md,001_lab_access_instructions_images/vm_access_15.jpg,/home/ubuntu/pythonProjects/data-security-101/content/002HandsOnLab/001_lab_access_instructions_images/vm_access_15.jpg,/home/ubuntu/pythonProjects/data-security-101/content/002HandsOnLab/001_lab_access_instructions/vm_access_15.jpg,moved,leaf
/home/ubuntu/pythonProjects/data-security-101/content/002HandsOnLab/001_lab_access_instructions/index.md,001_lab_access_instructions_images/vm_access_16.jpg,/home/ubuntu/pythonProjects/data-security-101/content/002HandsOnLab/001_lab_access_instructions_images/vm_access_16.jpg,/home/ubuntu/pythonProjects/data-security-101/content/002HandsOnLab/001_lab_access_instructions/vm_access_16.jpg,moved,leaf
/home/ubuntu/pythonProjects/data-security-101/content/002HandsOnLab/001_lab_access_instructions/index.md,001_lab_access_instructions_images/vm_access_18.jpg,/home/ubuntu/pythonProjects/data-security-101/content/002HandsOnLab/001_lab_access_instructions_images/vm_access_18.jpg,/home/ubuntu/pythonProjects/data-security-101/content/002HandsOnLab/001_lab_access_instructions/vm_access_18.jpg,moved,leaf
/home/ubuntu/pythonProjects/data-security-101/content/002HandsOnLab/001_lab_access_instructions/index.md,vm_access_3.jpg,NOT FOUND,,missing-shortcode,figure-shortcode
/home/ubuntu/pythonProjects/data-security-101/content/002HandsOnLab/001_lab_access_instructions/index.md,vm_access_1.jpg,NOT FOUND,,missing-shortcode,figure-shortcode
/home/ubuntu/pythonProjects/data-security-101/content/002HandsOnLab/001_lab_access_instructions/index.md,vm_access_2.jpg,NOT FOUND,,missing-shortcode,figure-shortcode
/home/ubuntu/pythonProjects/data-security-101/content/002HandsOnLab/001_lab_access_instructions/index.md,vm_access_4.jpg,NOT FOUND,,missing-shortcode,figure-shortcode
/home/ubuntu/pythonProjects/data-security-101/content/002HandsOnLab/001_lab_access_instructions/index.md,vm_access_5.jpg,NOT FOUND,,missing-shortcode,figure-shortcode
/home/ubuntu/pythonProjects/data-security-101/content/002HandsOnLab/001_lab_access_instructions/index.md,vm_access_10.jpg,NOT FOUND,,missing-shortcode,figure-shortcode
/home/ubuntu/pythonProjects/data-security-101/content/002HandsOnLab/001_lab_access_instructions/index.md,vm_access_13.jpg,NOT FOUND,,missing-shortcode,figure-shortcode
/home/ubuntu/pythonProjects/data-security-101/content/002HandsOnLab/001_lab_access_instructions/index.md,vm_access_15.jpg,NOT FOUND,,missing-shortcode,figure-shortcode
/home/ubuntu/pythonProjects/data-security-101/content/002HandsOnLab/001_lab_access_instructions/index.md,vm_access_16.jpg,NOT FOUND,,missing-shortcode,figure-shortcode
/home/ubuntu/pythonProjects/data-security-101/content/002HandsOnLab/001_lab_access_instructions/index.md,vm_access_18.jpg,NOT FOUND,,missing-shortcode,figure-shortcode
/home/ubuntu/pythonProjects/data-security-101/content/002HandsOnLab/002_lab_rules_of_engagement/index.md,002_lab_rules_of_engagement_images/lab_rules_1.jpg,/home/ubuntu/pythonProjects/data-security-101/content/002HandsOnLab/002_lab_rules_of_engagement_images/lab_rules_1.jpg,/home/ubuntu/pythonProjects/data-security-101/content/002HandsOnLab/002_lab_rules_of_engagement/lab_rules_1.jpg,moved,leaf
/home/ubuntu/pythonProjects/data-security-101/content/002HandsOnLab/002_lab_rules_of_engagement/index.md,lab_rules_1.jpg,NOT FOUND,,missing-shortcode,figure-shortcode
/home/ubuntu/pythonProjects/data-security-101/content/002HandsOnLab/taskPage.png,,/home/ubuntu/pythonProjects/data-security-101/content/002HandsOnLab/taskPage.png,/home/ubuntu/pythonProjects/data-security-101/content/unusedimages/002HandsOnLab/taskPage.png,unused-move,unused
/home/ubuntu/pythonProjects/data-security-101/content/002HandsOnLab/config.png,,/home/ubuntu/pythonProjects/data-security-101/content/002HandsOnLab/config.png,/home/ubuntu/pythonProjects/data-security-101/content/unusedimages/002HandsOnLab/config.png,unused-move,unused
/home/ubuntu/pythonProjects/data-security-101/content/002HandsOnLab/chapterIndex.png,,/home/ubuntu/pythonProjects/data-security-101/content/002HandsOnLab/chapterIndex.png,/home/ubuntu/pythonProjects/data-security-101/content/unusedimages/002HandsOnLab/chapterIndex.png,unused-move,unused
/home/ubuntu/pythonProjects/data-security-101/content/001FortiDLPPresentation/001_introduction_images/introduction_7.jpg,,/home/ubuntu/pythonProjects/data-security-101/content/001FortiDLPPresentation/001_introduction_images/introduction_7.jpg,/home/ubuntu/pythonProjects/data-security-101/content/unusedimages/001FortiDLPPresentation/001_introduction_images/introduction_7.jpg,unused-move,unused
